title,author,genres,publisher,publishDate,firstPublishDate
The Little Prince,"Antoine de Saint-Exupéry, Richard Howard (Translator), Ivan Minatti (Translator), Nguyễn Thành Vũ (Illustrator)","['Classics', 'Fiction', 'Fantasy', 'Childrens', 'France', 'Young Adult', 'Philosophy', 'Literature', 'French Literature', 'Middle Grade']","Harcourt, Inc.",06/29/00,04/06/1943
Charlotte's Web,"E.B. White, Garth Williams (Illustrator), Rosemary Wells (Illustrations)","['Classics', 'Childrens', 'Fiction', 'Young Adult', 'Fantasy', 'Animals', 'Middle Grade', 'Juvenile', 'School', 'Chapter Books']",HarperCollinsPublishers,10/01/2001,10/15/52
Of Mice and Men,John Steinbeck,"['Classics', 'Fiction', 'School', 'Historical Fiction', 'Literature', 'Read For School', 'Novels', 'High School', 'American', 'Classic Literature']",Penguin Books,01/08/2002,10/28/37
The Time Traveler's Wife,Audrey Niffenegger (Goodreads Author),"['Fiction', 'Romance', 'Fantasy', 'Time Travel', 'Science Fiction', 'Contemporary', 'Adult', 'Chick Lit', 'Adult Fiction', 'Magical Realism']",Zola Books,09/23/13,07/05/2003
Dracula,"Bram Stoker, Nina Auerbach (Editor), David J. Skal (Editor)","['Classics', 'Horror', 'Fiction', 'Fantasy', 'Vampires', 'Gothic', 'Paranormal', 'Literature', 'Audiobook', 'Supernatural']",Norton,05/12/1986,05/26/97
Brave New World,Aldous Huxley,"['Classics', 'Fiction', 'Science Fiction', 'Dystopia', 'Literature', 'Novels', 'School', 'Fantasy', 'Philosophy', 'Science Fiction Fantasy']",HarperPerennial / Perennial Classics,09/01/1998,10/28/32
One Hundred Years of Solitude,"Gabriel García Márquez, Gregory Rabassa (Translator)","['Fiction', 'Classics', 'Magical Realism', 'Literature', 'Novels', 'Fantasy', 'Historical Fiction', 'Spanish Literature', 'Literary Fiction', 'Latin American']",Harper,06/24/03,10/28/67
The Catcher in the Rye,J.D. Salinger,"['Classics', 'Fiction', 'Young Adult', 'Literature', 'School', 'Novels', 'Coming Of Age', 'American', 'High School', 'Read For School']",Back Bay Books,01/30/01,07/16/51
The Princess Bride,William Goldman,"['Fantasy', 'Fiction', 'Classics', 'Romance', 'Humor', 'Young Adult', 'Adventure', 'Science Fiction Fantasy', 'Comedy', 'Fairy Tales']",Ballantine Books,07/15/03,09/01/1973
The Lightning Thief,Rick Riordan (Goodreads Author),"['Fantasy', 'Young Adult', 'Mythology', 'Fiction', 'Middle Grade', 'Adventure', 'Childrens', 'Urban Fantasy', 'Greek Mythology', 'Magic']",Disney Hyperion Books,03/01/2006,06/28/05
The Secret Garden,Frances Hodgson Burnett,"['Classics', 'Fiction', 'Childrens', 'Young Adult', 'Historical Fiction', 'Middle Grade', 'Literature', 'Fantasy', 'Historical', 'Audiobook']",Children's Classics,09/01/1998,10/28/10
A Thousand Splendid Suns,Khaled Hosseini (Goodreads Author),"['Fiction', 'Historical Fiction', 'Contemporary', 'Novels', 'Historical', 'War', 'Adult Fiction', 'Adult', 'Drama', 'Literature']",Riverhead Books,06/01/2007,05/22/07
A Wrinkle in Time,Madeleine L'Engle,"['Fantasy', 'Fiction', 'Classics', 'Young Adult', 'Science Fiction', 'Childrens', 'Middle Grade', 'Time Travel', 'Adventure', 'Science Fiction Fantasy']",Square Fish,11/07/2017,10/28/62
A Game of Thrones,George R.R. Martin,"['Fantasy', 'Fiction', 'Epic Fantasy', 'Adult', 'Science Fiction Fantasy', 'High Fantasy', 'Adventure', 'Dragons', 'Audiobook', 'Epic']",Bantam,08/28/05,08/06/1996
The Adventures of Huckleberry Finn,"Mark Twain, Guy Cardwell (Notes), John Seelye (Introduction), Walter Trier (Ilustrator)","['Classics', 'Fiction', 'Historical Fiction', 'Literature', 'Young Adult', 'Adventure', 'School', 'Novels', 'Read For School', 'American']",Penguin Classics,12/31/02,12/01/1984
The Lovely Bones,Alice Sebold,"['Fiction', 'Mystery', 'Young Adult', 'Contemporary', 'Fantasy', 'Crime', 'Adult', 'Adult Fiction', 'Drama', 'Novels']","Little, Brown and Company",09/01/2006,07/03/2002
The Outsiders,S.E. Hinton (Goodreads Author),"['Classics', 'Young Adult', 'Fiction', 'School', 'Realistic Fiction', 'Read For School', 'Coming Of Age', 'Historical Fiction', 'Contemporary', 'Teen']",Puffin Books (US/CAN),09/01/1997,04/24/67
Where the Wild Things Are,Maurice Sendak,"['Childrens', 'Picture Books', 'Fiction', 'Classics', 'Fantasy', 'Adventure', 'Young Adult', 'Animals', 'Kids', 'Monsters']",Red Fox,10/28/00,04/19/63
Green Eggs and Ham,Dr. Seuss,"['Childrens', 'Picture Books', 'Classics', 'Fiction', 'Poetry', 'Fantasy', 'Humor', 'Kids', 'Food', 'Young Adult']",Random House Books for Young Readers,10/28/88,06/28/60
The Odyssey,"Homer, Robert Fagles (Translator), Bernard Knox (Introduction)","['Classics', 'Fiction', 'Poetry', 'Mythology', 'Fantasy', 'School', 'Literature', 'Adventure', 'Read For School', 'Historical Fiction']",Penguin Classics,11/30/06,10/28/00
Life of Pi,Yann Martel,"['Fiction', 'Fantasy', 'Classics', 'Adventure', 'Contemporary', 'Novels', 'Literature', 'Magical Realism', 'India', 'Philosophy']",Seal Books,08/29/06,09/11/2001
A Tale of Two Cities,"Charles Dickens, Richard Maxwell (Editor/Introduction)","['Classics', 'Fiction', 'Historical Fiction', 'Literature', 'Historical', 'Novels', 'School', 'Classic Literature', '19th Century', 'British Literature']",Penguin Books,10/28/03,11/26/59
Water for Elephants,Sara Gruen (Goodreads Author),"['Fiction', 'Historical Fiction', 'Romance', 'Historical', 'Adult', 'Adult Fiction', 'Contemporary', 'Book Club', 'Novels', 'Animals']",Algonquin Books,05/01/2007,05/28/06
Lolita,"Vladimir Nabokov, Craig Raine (Afterword)","['Classics', 'Fiction', 'Literature', 'Novels', 'Russia', 'Romance', 'Russian Literature', 'Literary Fiction', '20th Century', 'Adult']",Penguin,10/28/95,09/28/55
Slaughterhouse-Five,Kurt Vonnegut Jr.,"['Classics', 'Fiction', 'Science Fiction', 'War', 'Historical Fiction', 'Literature', 'Novels', 'Time Travel', 'American', 'Fantasy']",Dial Press,01/12/1999,10/28/69
Frankenstein: The 1818 Text,"Mary Wollstonecraft Shelley, Charlotte Gordon (Goodreads Author) (Introduction)","['Classics', 'Fiction', 'Horror', 'Science Fiction', 'Gothic', 'Fantasy', 'School', 'Literature', 'Novels', '19th Century']",Penguin Classics,03/08/2018,10/28/18
The Kite Runner,"Khaled Hosseini (Goodreads Author), Berliani M. Nugrahani (Translator)","['Fiction', 'Historical Fiction', 'Contemporary', 'Classics', 'Novels', 'Historical', 'Literature', 'Adult', 'Adult Fiction', 'Drama']",Riverhead Books,05/28/04,05/29/03
The Handmaid's Tale,Margaret Atwood (Goodreads Author),"['Fiction', 'Classics', 'Dystopia', 'Science Fiction', 'Feminism', 'Fantasy', 'Adult', 'Audiobook', 'Literature', 'Novels']",Anchor Books,04/28/98,08/28/85
The Giver,Lois Lowry (Goodreads Author),"['Young Adult', 'Fiction', 'Classics', 'Dystopia', 'Science Fiction', 'Fantasy', 'School', 'Childrens', 'Middle Grade', 'Read For School']",Ember,01/24/06,04/26/93
Catch-22,Joseph Heller,"['Classics', 'Fiction', 'War', 'Historical Fiction', 'Humor', 'Literature', 'Novels', 'Unfinished', 'American', 'Historical']",Simon & Schuster,09/04/2004,11/10/1961
Dune,Frank Herbert,"['Science Fiction', 'Fiction', 'Fantasy', 'Classics', 'Science Fiction Fantasy', 'Space Opera', 'Audiobook', 'Novels', 'Adventure', 'Adult']",Ace Books,10/01/2019,06/28/65
The Pillars of the Earth,Ken Follett (Goodreads Author),"['Historical Fiction', 'Fiction', 'Historical', 'Fantasy', 'Classics', 'Medieval', 'Audiobook', 'British Literature', 'Novels', 'Adult']",NAL Trade,02/04/2002,10/28/89
The Stand,"Stephen King (Goodreads Author), Bernie Wrightson (Illustrator)","['Horror', 'Fiction', 'Fantasy', 'Science Fiction', 'Post Apocalyptic', 'Thriller', 'Dystopia', 'Apocalyptic', 'Audiobook', 'Classics']",Doubleday Books,05/01/1990,10/03/1978
The Adventures of Sherlock Holmes,Arthur Conan Doyle,"['Classics', 'Mystery', 'Fiction', 'Short Stories', 'Crime', 'Detective', 'Literature', 'Mystery Thriller', 'Adventure', 'Audiobook']",Oxford University Press,10/22/98,10/28/92
Watership Down,Richard Adams,"['Classics', 'Fiction', 'Fantasy', 'Young Adult', 'Animals', 'Childrens', 'Adventure', 'Literature', 'Novels', 'Audiobook']",Avon Books,06/28/75,11/28/72
Great Expectations,"Charles Dickens, Παυλίνα Παμπούδη (Translator), Marisa Sestino (Translator)","['Classics', 'Fiction', 'Literature', 'Historical Fiction', 'School', 'Novels', '19th Century', 'Classic Literature', 'British Literature', 'Victorian']",Oxford University Press,10/28/98,07/28/61
Little Women,Louisa May Alcott,"['Classics', 'Fiction', 'Historical Fiction', 'Young Adult', 'Romance', 'Historical', 'Literature', 'Childrens', 'Classic Literature', 'Novels']",Signet Classics,04/06/2004,09/30/68
The Bell Jar,Sylvia Plath,"['Classics', 'Fiction', 'Feminism', 'Mental Health', 'Psychology', 'Mental Illness', 'Literature', 'Novels', 'Poetry', 'Adult']",Harper Perennial Modern Classics,10/28/06,01/28/63
Harry Potter and the Deathly Hallows,J.K. Rowling,"['Fantasy', 'Young Adult', 'Fiction', 'Magic', 'Childrens', 'Adventure', 'Audiobook', 'Middle Grade', 'Classics', 'Science Fiction Fantasy']",Arthur A. Levine Books / Scholastic Inc.,07/21/07,
One Flew Over the Cuckoo's Nest,Ken Kesey,"['Classics', 'Fiction', 'Literature', 'Psychology', 'Novels', 'School', 'Mental Health', 'American', 'Mental Illness', 'Contemporary']",Signet,02/01/1963,10/28/62
Anna Karenina,"Leo Tolstoy, Aylmer Maude (Translator), Lev Tolstoi, Louise Maude (Translator), George Gibian (Preface)","['Classics', 'Fiction', 'Romance', 'Russia', 'Historical Fiction', 'Literature', 'Russian Literature', 'Novels', '19th Century', 'Classic Literature']",Vintage,10/16/12,10/28/77
Outlander,Diana Gabaldon (Goodreads Author),"['Historical Fiction', 'Romance', 'Fantasy', 'Fiction', 'Time Travel', 'Historical', 'Historical Romance', 'Adult', 'Audiobook', 'Scotland']",Dell Publishing Company,07/26/05,06/01/1991
My Sister's Keeper,Jodi Picoult (Goodreads Author),"['Fiction', 'Contemporary', 'Chick Lit', 'Young Adult', 'Drama', 'Adult', 'Adult Fiction', 'Realistic Fiction', 'Family', 'Novels']",Washington Square Press,02/01/2005,04/06/2004
Matilda,"Roald Dahl, Quentin Blake (Illustrator)","['Childrens', 'Fiction', 'Classics', 'Fantasy', 'Young Adult', 'Middle Grade', 'Humor', 'Audiobook', 'Magic', 'Juvenile']",Puffin Books,06/01/1998,10/01/1988
The Fellowship of the Ring,J.R.R. Tolkien,"['Classics', 'Adventure', 'Science Fiction Fantasy', 'High Fantasy', 'Epic Fantasy', 'Young Adult', 'Novels', 'Magic', 'Literature', 'Audiobook']",Ballantine Books,03/28/73,07/29/54
The Girl with the Dragon Tattoo,"Stieg Larsson, Reg Keeland (Translator)","['Fiction', 'Mystery', 'Suspense', 'Contemporary', 'Adult', 'Adult Fiction', 'Sweden', 'Thriller', 'Audiobook', 'Crime']",Knopf,09/16/08,08/28/05
Rebecca,Daphne du Maurier,"['Classics', 'Fiction', 'Mystery', 'Romance', 'Gothic', 'Historical Fiction', 'Thriller', 'Suspense', 'Mystery Thriller', 'Adult']","Little, Brown and Company",12/17/13,08/28/38
1984,George Orwell,"['Classics', 'Fiction', 'Science Fiction', 'Dystopia', 'Literature', 'Novels', 'Politics', 'School', 'Fantasy', 'Adult']",Houghton Mifflin Harcourt,09/03/2013,06/08/1949
The Color Purple,Alice Walker,"['Classics', 'Fiction', 'Historical Fiction', 'Feminism', 'Historical', 'LGBT', 'African American', 'Literature', 'Novels', 'Adult']",Penguin Books,12/10/2019,10/28/82
A Tree Grows in Brooklyn,Betty Smith,"['Classics', 'Fiction', 'Historical Fiction', 'Young Adult', 'Coming Of Age', 'Historical', 'Literature', 'New York', 'Novels', 'Book Club']",HarperCollins Publishers,05/30/06,08/18/43
A Clockwork Orange,Anthony Burgess,"['Classics', 'Fiction', 'Science Fiction', 'Dystopia', 'Literature', 'Novels', 'Horror', 'Thriller', 'Crime', 'Modern Classics']",W. W. Norton & Company,05/21/19,10/28/62
The Road,Cormac McCarthy,"['Fiction', 'Science Fiction', 'Dystopia', 'Post Apocalyptic', 'Classics', 'Horror', 'Literature', 'Novels', 'Apocalyptic', 'Contemporary']",Alfred A. Knopf,10/02/2006,09/26/06
The Brothers Karamazov,"Fyodor Dostoyevsky, Fyodor Dostoyevsky, Richard Pevear (Translator), Larissa Volokhonsky (Translator)","['Classics', 'Fiction', 'Russia', 'Literature', 'Russian Literature', 'Philosophy', 'Novels', '19th Century', 'Classic Literature', 'Religion']","Farrar, Straus and Giroux",06/14/02,11/18/79
Angela's Ashes,Frank McCourt,"['Nonfiction', 'Memoir', 'Biography', 'Classics', 'Ireland', 'Autobiography', 'Biography Memoir', 'History', 'Irish Literature', 'Historical']",Harper Perennial,10/03/2005,09/05/1996
Vampire Academy,Richelle Mead (Goodreads Author),"['Young Adult', 'Fantasy', 'Vampires', 'Paranormal', 'Romance', 'Urban Fantasy', 'Fiction', 'Supernatural', 'Paranormal Romance', 'Magic']",Razorbill,08/16/07,
Siddhartha,"Hermann Hesse, Hilda Rosner (Translator)","['Classics', 'Fiction', 'Philosophy', 'Religion', 'Spirituality', 'Literature', 'Buddhism', 'German Literature', 'Novels', 'Historical Fiction']",Bantam Books,12/01/1981,10/28/22
The Poisonwood Bible,Barbara Kingsolver,"['Fiction', 'Historical Fiction', 'Africa', 'Classics', 'Historical', 'Literary Fiction', 'Literature', 'Novels', 'Religion', 'Adult Fiction']",Harper Perennial Modern Classics,07/05/2005,09/24/98
The Golden Compass,Philip Pullman,"['Fantasy', 'Young Adult', 'Fiction', 'Childrens', 'Adventure', 'Science Fiction', 'Science Fiction Fantasy', 'Steampunk', 'Middle Grade', 'Audiobook']",Alfred A. Knopf Books for Young Readers,04/16/96,07/09/1995
Don Quixote,"Miguel de Cervantes Saavedra, John Rutherford (Translator), Roberto González Echevarría (Introduction)","['Classics', 'Fiction', 'Literature', 'Spanish Literature', 'Adventure', 'Novels', 'Historical Fiction', 'Spain', 'Humor', 'Classic Literature']",Penguin Books,02/25/03,10/28/05
Atlas Shrugged,"Ayn Rand, Leonard Peikoff (Goodreads Author) (Introduction)","['Classics', 'Philosophy', 'Literature', 'Politics', 'Science Fiction', 'Dystopia', 'Economics', 'Novels', 'Audiobook', 'Fiction']",Plume,08/01/1999,10/28/57
Harry Potter and the Prisoner of Azkaban,"J.K. Rowling, Mary GrandPré (Illustrator)","['Fantasy', 'Young Adult', 'Fiction', 'Magic', 'Childrens', 'Adventure', 'Middle Grade', 'Audiobook', 'Classics', 'Science Fiction Fantasy']",Scholastic Inc.,05/01/2004,07/08/1999
The Old Man and the Sea,Ernest Hemingway,"['Classics', 'Fiction', 'Literature', 'Novels', 'American', 'School', 'Adventure', 'Classic Literature', 'Literary Fiction', '20th Century']",Scribner,10/28/96,09/01/1952
The Notebook,Nicholas Sparks (Goodreads Author),"['Romance', 'Fiction', 'Chick Lit', 'Contemporary', 'Adult', 'Adult Fiction', 'Contemporary Romance', 'Love', 'Drama', 'Classics']",Grand Central Publishing,01/05/2000,10/01/1996
Winnie-the-Pooh,"A.A. Milne, Ernest H. Shepard (Illustrator)","['Classics', 'Childrens', 'Fiction', 'Fantasy', 'Animals', 'Picture Books', 'Young Adult', 'Audiobook', 'Middle Grade', 'Juvenile']",Dutton Juvenile,10/01/2001,10/14/26
The Complete Stories and Poems,Edgar Allan Poe,"['Classics', 'Poetry', 'Horror', 'Fiction', 'Short Stories', 'Mystery', 'Gothic', 'Literature', 'Fantasy', 'Classic Literature']","Doubleday & Company, Inc.",08/15/84,10/28/49
Interview with the Vampire,Anne Rice,"['Horror', 'Fantasy', 'Fiction', 'Vampires', 'Paranormal', 'Supernatural', 'Classics', 'Gothic', 'Urban Fantasy', 'Historical Fiction']",Ballantine Books,08/31/04,04/12/1976
A Prayer for Owen Meany,John Irving (Goodreads Author),"['Fiction', 'Classics', 'Contemporary', 'Literature', 'Literary Fiction', 'Novels', 'Historical Fiction', 'Adult Fiction', 'Coming Of Age', 'American']",Black Swan,10/28/90,03/28/89
"Moby-Dick or, the Whale","Herman Melville, Andrew Delbanco (Introduction), Tom Quirk (Notes), Rockwell Kent (Illustrator)","['Classics', 'Fiction', 'Literature', 'Adventure', 'Novels', 'Historical Fiction', 'American', 'Classic Literature', '19th Century', 'Unfinished']",Penguin Classics,02/21/03,10/18/51
The Red Tent,Anita Diamant (Goodreads Author),"['Historical Fiction', 'Fiction', 'Historical', 'Religion', 'Book Club', 'Feminism', 'Adult', 'Adult Fiction', 'Womens', 'Novels']",St. Martin's Press,10/28/97,10/28/97
The Secret Life of Bees,Sue Monk Kidd (Goodreads Author),"['Fiction', 'Historical Fiction', 'Young Adult', 'Classics', 'Adult Fiction', 'Historical', 'Contemporary', 'Adult', 'Coming Of Age', 'Chick Lit']",Penguin Books,01/28/03,11/08/2001
Harry Potter and the Goblet of Fire,"J.K. Rowling, Mary GrandPré (Illustrator)","['Fantasy', 'Young Adult', 'Fiction', 'Magic', 'Childrens', 'Adventure', 'Audiobook', 'Middle Grade', 'Classics', 'Science Fiction Fantasy']",Scholastic,09/28/02,07/08/2000
Clockwork Angel,"Cassandra Clare (Goodreads Author), Rita Sussekind (Translator)","['Fantasy', 'Young Adult', 'Paranormal', 'Romance', 'Steampunk', 'Historical Fiction', 'Fiction', 'Urban Fantasy', 'Vampires', 'Angels']","Simon & Schuster, Margaret K. McElderry",08/31/10,
Harry Potter and the Half-Blood Prince,J.K. Rowling,"['Fantasy', 'Young Adult', 'Fiction', 'Magic', 'Childrens', 'Adventure', 'Audiobook', 'Middle Grade', 'Classics', 'Science Fiction Fantasy']",Scholastic Inc.,09/16/06,07/16/05
And Then There Were None,Agatha Christie,"['Mystery', 'Classics', 'Fiction', 'Crime', 'Thriller', 'Mystery Thriller', 'Audiobook', 'Adult', 'Suspense', 'Novels']",St. Martin's Press,05/03/2004,11/06/1939
Middlesex,Jeffrey Eugenides,"['Fiction', 'Historical Fiction', 'Contemporary', 'LGBT', 'Literary Fiction', 'Novels', 'Classics', 'Literature', 'Queer', 'Adult']",Picador USA,09/16/03,09/04/2002
The Stranger,"Albert Camus, Matthew Ward (Translator)","['Classics', 'Fiction', 'Philosophy', 'France', 'Literature', 'Novels', 'French Literature', 'School', '20th Century', 'Literary Fiction']",Vintage International,03/28/89,10/28/42
The Master and Margarita,"Mikhail Bulgakov, Katherine Tiernan O'Connor (Translator), Ellendea Proffer (Annotations and Afterword), Diana Lewis Burgin (Translator)","['Classics', 'Fiction', 'Russia', 'Fantasy', 'Russian Literature', 'Magical Realism', 'Literature', 'Novels', 'Historical Fiction', '20th Century']",Vintage International,03/28/96,10/28/67
The Name of the Wind,Patrick Rothfuss (Goodreads Author),"['Fantasy', 'Fiction', 'Epic Fantasy', 'High Fantasy', 'Magic', 'Science Fiction Fantasy', 'Adult', 'Adventure', 'Audiobook', 'Epic']",Penguin Group DAW,04/28/07,03/27/07
The Shining,Stephen King (Goodreads Author),"['Horror', 'Fiction', 'Thriller', 'Classics', 'Fantasy', 'Mystery', 'Paranormal', 'Suspense', 'Novels', 'Adult']",New English Library (Hodder & Stoughton),07/01/1980,01/28/77
The Adventures of Tom Sawyer,"Mark Twain, Guy Cardwell (Annotations), John Seelye (Introduction)","['Classics', 'Fiction', 'Adventure', 'Young Adult', 'Historical Fiction', 'Literature', 'Childrens', 'School', 'Novels', 'American']",Penguin Classics,02/28/06,10/28/76
Eragon,Christopher Paolini (Goodreads Author),"['Fantasy', 'Young Adult', 'Fiction', 'Dragons', 'Adventure', 'Magic', 'High Fantasy', 'Science Fiction Fantasy', 'Young Adult Fantasy', 'Childrens']",Alfred A. Knopf,04/28/05,06/28/02
Charlie and the Chocolate Factory,"Roald Dahl, Quentin Blake (Illustrations)","['Childrens', 'Fantasy', 'Fiction', 'Classics', 'Young Adult', 'Middle Grade', 'Humor', 'Adventure', 'Juvenile', 'Novels']",Puffin Books,06/02/2005,01/17/64
Flowers for Algernon,Daniel Keyes,"['Fiction', 'Classics', 'Science Fiction', 'Young Adult', 'Literature', 'Psychology', 'School', 'Novels', 'Adult', 'Read For School']",,,04/28/59
On the Road,Jack Kerouac,"['Classics', 'Fiction', 'Travel', 'Literature', 'Novels', 'American', 'Adventure', '20th Century', 'Unfinished', 'Modern Classics']",Penguin Books,01/01/1976,09/05/1957
The Metamorphosis,"Franz Kafka, Stanley Corngold (Translator), Mircea Ivănescu (Translator)","['Classics', 'Fiction', 'Fantasy', 'Literature', 'Short Stories', 'Philosophy', 'School', 'German Literature', 'Horror', 'Novels']",Bantam Classics,03/01/1972,10/28/15
Looking for Alaska,John Green (Goodreads Author),"['Young Adult', 'Fiction', 'Contemporary', 'Romance', 'Realistic Fiction', 'Coming Of Age', 'Teen', 'Mystery', 'Young Adult Contemporary', 'High School']",Speak,12/28/06,03/03/2005
The Shadow of the Wind,"Carlos Ruiz Zafón, Lucia Graves (Translator)","['Fiction', 'Historical Fiction', 'Mystery', 'Fantasy', 'Books About Books', 'Historical', 'Spain', 'Spanish Literature', 'Gothic', 'Magical Realism']",Penguin Books,10/28/05,05/28/01
The Curious Incident of the Dog in the Night-Time,Mark Haddon,"['Fiction', 'Mystery', 'Young Adult', 'Contemporary', 'Novels', 'Classics', 'Psychology', 'Literature', 'Realistic Fiction', 'Adult Fiction']",Vintage,05/18/04,07/31/03
The Very Hungry Caterpillar,Eric Carle,"['Picture Books', 'Childrens', 'Fiction', 'Classics', 'Animals', 'Food', 'Counting', 'Storytime', 'Kids', 'Mathematics']",Puffin Books,10/28/94,06/03/1969
Tuesdays with Morrie,Mitch Albom (Goodreads Author),"['Nonfiction', 'Memoir', 'Biography', 'Inspirational', 'Classics', 'Philosophy', 'Self Help', 'Contemporary', 'Adult', 'Biography Memoir']",Warner,10/28/00,10/28/97
The Unbearable Lightness of Being,"Milan Kundera, Michael Henry Heim (Translator)","['Fiction', 'Classics', 'Philosophy', 'Literature', 'Novels', 'Czech Literature', 'Romance', 'Contemporary', 'Literary Fiction', '20th Century']",Harper Perennial,10/27/09,10/28/84
The Name of the Rose,"Umberto Eco, William Weaver (Translator)","['Fiction', 'Historical Fiction', 'Mystery', 'Classics', 'Historical', 'Literature', 'Crime', 'Italian Literature', 'Italy', 'Novels']",Harvest Books,09/28/94,10/28/80
Where the Red Fern Grows,Wilson Rawls,"['Classics', 'Fiction', 'Young Adult', 'Childrens', 'Animals', 'Historical Fiction', 'Middle Grade', 'School', 'Realistic Fiction', 'Read For School']",Yearling,05/09/2000,10/28/61
Harry Potter and the Chamber of Secrets,"J.K. Rowling, Mary GrandPré (Illustrator)","['Fantasy', 'Young Adult', 'Fiction', 'Magic', 'Childrens', 'Middle Grade', 'Adventure', 'Audiobook', 'Classics', 'Science Fiction Fantasy']",Arthur A. Levine Books / Scholastic Inc.,06/02/1999,07/02/1998
The Godfather,"Mario Puzo, Robert Thompson (Introduction), Peter Bart (Afterword)","['Fiction', 'Classics', 'Crime', 'Thriller', 'Historical Fiction', 'Mystery', 'Drama', 'Novels', 'Literature', 'American']",NAL,03/01/2002,03/10/1969
The Scarlet Letter,"Nathaniel Hawthorne, Thomas E. Connolly (Annotations), Nina Baym (Introduction)","['Classics', 'Fiction', 'Historical Fiction', 'School', 'Literature', 'High School', 'Read For School', 'Historical', 'Classic Literature', 'American']",Penguin Books,02/27/03,03/16/50
In Cold Blood,Truman Capote,"['Nonfiction', 'Classics', 'True Crime', 'Crime', 'Mystery', 'History', 'Literature', 'Thriller', 'American', 'Biography']",Vintage,10/28/94,10/28/65
Fight Club,Chuck Palahniuk (Goodreads Author),"['Fiction', 'Contemporary', 'Classics', 'Thriller', 'Novels', 'Mystery', 'Adult', 'Literature', 'American', 'Adult Fiction']",W. W. Norton Company,05/01/2018,10/28/96
The Five People You Meet in Heaven,Mitch Albom (Goodreads Author),"['Fiction', 'Inspirational', 'Contemporary', 'Fantasy', 'Adult', 'Spirituality', 'Classics', 'Adult Fiction', 'Philosophy', 'Novels']",Hyperion,09/23/03,09/01/2003
"Hush, Hush",Becca Fitzpatrick (Goodreads Author),"['Young Adult', 'Fantasy', 'Romance', 'Paranormal', 'Angels', 'Paranormal Romance', 'Supernatural', 'Fiction', 'Urban Fantasy', 'Young Adult Fantasy']",Simon & Schuster BFYR,10/13/09,
The Cat in the Hat,Dr. Seuss,"['Childrens', 'Picture Books', 'Classics', 'Fiction', 'Poetry', 'Fantasy', 'Humor', 'Animals', 'Kids', 'Cats']",Random House Books for Young Readers,10/28/85,03/12/1957
American Gods,Neil Gaiman (Goodreads Author),"['Fantasy', 'Fiction', 'Urban Fantasy', 'Mythology', 'Audiobook', 'Science Fiction', 'Science Fiction Fantasy', 'Adult', 'Contemporary', 'Novels']",William Morrow,06/21/11,06/19/01
The Count of Monte Cristo,"Alexandre Dumas, Robin Buss (Translator)","['Classics', 'Fiction', 'Historical Fiction', 'Adventure', 'Literature', 'France', 'Historical', 'Classic Literature', 'Novels', 'Romance']",Penguin Classics,05/27/03,10/28/44
Lonesome Dove,Larry McMurtry,"['Fiction', 'Historical Fiction', 'Westerns', 'Classics', 'Historical', 'Adventure', 'Novels', 'Literature', 'Audiobook', 'American']",Pocket Books,10/01/1999,10/28/85
Perfume: The Story of a Murderer,"Patrick Süskind, John E. Woods (Translator)","['Fiction', 'Classics', 'Historical Fiction', 'Horror', 'Mystery', 'Thriller', 'Crime', 'Historical', 'German Literature', 'Novels']",Penguin Books,10/28/87,10/28/85
Holes,Louis Sachar (Goodreads Author),"['Young Adult', 'Fiction', 'Childrens', 'Middle Grade', 'Realistic Fiction', 'Classics', 'Mystery', 'Adventure', 'School', 'Contemporary']",Scholastic,09/02/2000,08/20/98
"The Lion, the Witch and the Wardrobe",C.S. Lewis,"['Fantasy', 'Classics', 'Fiction', 'Young Adult', 'Childrens', 'Adventure', 'Middle Grade', 'Christian', 'Magic', 'Christian Fiction']",HarperCollins Publishers,10/28/05,10/16/50
Watchmen,"Alan Moore (Goodreads Author), Dave Gibbons (Illustrator/Letterer), John Higgins (Colorist)","['Graphic Novels', 'Comics', 'Fiction', 'Science Fiction', 'Fantasy', 'Graphic Novels Comics', 'Comic Book', 'Classics', 'Superheroes', 'Dystopia']",DC Comics,10/28/05,09/08/1987
It,Stephen King (Goodreads Author),"['Horror', 'Fiction', 'Thriller', 'Fantasy', 'Audiobook', 'Mystery', 'Adult', 'Paranormal', 'Classics', 'Novels']",New English Library,10/01/1987,09/15/86
The Last Olympian,Rick Riordan (Goodreads Author),"['Fantasy', 'Young Adult', 'Mythology', 'Fiction', 'Middle Grade', 'Adventure', 'Childrens', 'Greek Mythology', 'Urban Fantasy', 'Magic']",Disney ● Hyperion Books,05/05/2009,
The Little House Collection,"Laura Ingalls Wilder, Garth Williams (Illustrator)","['Classics', 'Historical Fiction', 'Childrens', 'Fiction', 'Young Adult', 'Historical', 'Middle Grade', 'Juvenile', 'Literature', 'Kids']",Avon Books,10/07/2003,10/28/71
The Divine Comedy,"Dante Alighieri, Allen Mandelbaum (Translator), Eugenio Montale (Introduction)","['Classics', 'Poetry', 'Fiction', 'Literature', 'Religion', 'Philosophy', 'Fantasy', 'Italian Literature', 'Italy', 'Classic Literature']",Everyman's Library,08/01/1995,10/28/20
Peter Pan,"J.M. Barrie, Michael Hague (Illustrator)","['Classics', 'Fantasy', 'Fiction', 'Childrens', 'Adventure', 'Young Adult', 'Audiobook', 'Middle Grade', 'Fairy Tales', 'Literature']",Henry Holt and Co.,10/01/2003,10/28/11
All Quiet on the Western Front,"Erich Maria Remarque, Arthur Wesley Wheen (Translator)","['Classics', 'Fiction', 'Historical Fiction', 'War', 'Historical', 'Literature', 'School', 'German Literature', 'World War I', 'Novels']",Ballantine Books,03/12/1987,10/28/29
"The Hobbit, or There and Back Again",J.R.R. Tolkien,"['Fantasy', 'Classics', 'Fiction', 'Adventure', 'Young Adult', 'Science Fiction Fantasy', 'High Fantasy', 'Childrens', 'Epic Fantasy', 'Novels']",Houghton Mifflin,08/15/02,09/21/37
The Compleat Works of Wllm Shkspr (abridged),"Reduced Shakespeare Company, Adam Long (Contributor), Daniel Singer (Contributor), Jess Winfield (Editor)","['Plays', 'Classics', 'Humor', 'Fiction', 'Drama', 'Theatre', 'Comedy', 'Poetry', 'Literature', 'Adult']",Applause Books,02/01/1994,
Love in the Time of Cholera,"Gabriel García Márquez, Edith Grossman (Translator)","['Fiction', 'Classics', 'Historical Fiction', 'Romance', 'Magical Realism', 'Literature', 'Novels', 'Spanish Literature', 'Literary Fiction', 'Historical']",Vintage International,10/05/2003,10/28/85
Shadow Kiss,Richelle Mead (Goodreads Author),"['Young Adult', 'Vampires', 'Fantasy', 'Paranormal', 'Romance', 'Urban Fantasy', 'Paranormal Romance', 'Supernatural', 'Fiction', 'Magic']",Razorbill,11/13/08,
Insurgent,Veronica Roth (Goodreads Author),"['Young Adult', 'Dystopia', 'Fiction', 'Fantasy', 'Science Fiction', 'Romance', 'Adventure', 'Teen', 'Post Apocalyptic', 'Action']",HarperCollins Children's Books,05/01/2012,
The Thorn Birds,Colleen McCullough,"['Fiction', 'Historical Fiction', 'Romance', 'Classics', 'Australia', 'Historical', 'Historical Romance', 'Novels', 'Drama', 'Adult']",Avon Books,10/28/02,04/28/77
A Walk to Remember,Nicholas Sparks (Goodreads Author),"['Romance', 'Fiction', 'Chick Lit', 'Contemporary', 'Young Adult', 'Adult', 'Adult Fiction', 'Drama', 'Contemporary Romance', 'Love']",Grand Central Publishing,05/24/00,10/01/1999
How the Grinch Stole Christmas!,Dr. Seuss,"['Childrens', 'Picture Books', 'Christmas', 'Classics', 'Fiction', 'Poetry', 'Holiday', 'Fantasy', 'Humor', 'Kids']",Harper Collins Children's Books,10/04/2004,10/12/1957
The Ultimate Hitchhiker's Guide to the Galaxy,Douglas Adams,"['Science Fiction', 'Fiction', 'Humor', 'Fantasy', 'Classics', 'Comedy', 'Science Fiction Fantasy', 'Adventure', 'Novels', 'British Literature']",Del Rey Books,04/28/02,01/17/96
Atonement,Ian McEwan,"['Fiction', 'Historical Fiction', 'Romance', 'Classics', 'Historical', 'War', 'Literary Fiction', 'Contemporary', 'Literature', 'Novels']",Anchor Books,03/28/03,10/28/01
The Importance of Being Earnest,Oscar Wilde,"['Classics', 'Plays', 'Fiction', 'Drama', 'Humor', 'Literature', 'School', 'Comedy', 'Theatre', 'Romance']",Prestwick House,10/28/05,02/14/95
"Eat, Pray, Love",Elizabeth Gilbert (Goodreads Author),"['Nonfiction', 'Memoir', 'Travel', 'Biography', 'Chick Lit', 'Romance', 'Spirituality', 'Contemporary', 'Biography Memoir', 'Autobiography']",Riverhead Books,02/01/2007,02/16/06
Their Eyes Were Watching God,Zora Neale Hurston,"['Classics', 'Fiction', 'Historical Fiction', 'School', 'African American', 'Literature', 'Novels', 'Feminism', 'Read For School', 'High School']",Amistad,05/30/06,10/28/37
The Three Musketeers,Alexandre Dumas,"['Classics', 'Fiction', 'Historical Fiction', 'Adventure', 'France', 'Literature', 'Historical', 'French Literature', 'Classic Literature', 'Novels']",Modern Library,02/13/01,03/28/44
The Wonderful Wizard of Oz,"L. Frank Baum, W.W. Denslow (Illustrator)","['Classics', 'Fantasy', 'Fiction', 'Childrens', 'Young Adult', 'Adventure', 'Audiobook', 'Middle Grade', 'Magic', 'Literature']",Penguin,10/28/95,05/17/00
Frostbite,Richelle Mead (Goodreads Author),"['Young Adult', 'Vampires', 'Fantasy', 'Paranormal', 'Romance', 'Urban Fantasy', 'Paranormal Romance', 'Supernatural', 'Fiction', 'Magic']",Razorbill,04/10/2008,04/01/2008
Goodnight Moon,"Margaret Wise Brown, Clement Hurd (Illustrator)","['Childrens', 'Picture Books', 'Classics', 'Fiction', 'Poetry', 'Kids', 'Animals', 'Juvenile', 'Young Adult', 'Storytime']",HarperCollins,01/23/07,09/03/1947
The Lorax,Dr. Seuss,"['Childrens', 'Picture Books', 'Fiction', 'Classics', 'Poetry', 'Fantasy', 'Environment', 'Young Adult', 'Kids', 'Juvenile']",Random House Books for Young Readers,02/24/98,10/28/71
"Good Omens: The Nice and Accurate Prophecies of Agnes Nutter, Witch","Terry Pratchett, Neil Gaiman (Goodreads Author)","['Fantasy', 'Fiction', 'Humor', 'Urban Fantasy', 'Comedy', 'Audiobook', 'Science Fiction Fantasy', 'Adult', 'Science Fiction', 'Supernatural']",William Morrow,11/28/06,05/01/1990
Blood Promise,Richelle Mead (Goodreads Author),"['Young Adult', 'Vampires', 'Fantasy', 'Paranormal', 'Romance', 'Urban Fantasy', 'Paranormal Romance', 'Supernatural', 'Fiction', 'Magic']",Razorbill,08/25/09,08/28/09
Tess of the D'Urbervilles,"Thomas Hardy, Margaret R. Higonnet (Introduction), Maria Grazia Griffini (Translator), Tim Dolin (Notes)","['Classics', 'Fiction', 'Romance', 'Literature', 'Historical Fiction', '19th Century', 'Victorian', 'Classic Literature', 'Novels', 'British Literature']",Penguin Classics,01/30/03,10/28/91
The Good Earth,Pearl S. Buck,"['Classics', 'Fiction', 'Historical Fiction', 'China', 'Literature', 'Historical', 'Asia', 'Novels', 'School', 'Classic Literature']",Howard Publishing Co,03/04/2009,03/02/1931
Heart of Darkness,"Joseph Conrad, Aníbal Fernandes (Translator)","['Classics', 'Fiction', 'Literature', 'Africa', 'Historical Fiction', 'School', 'Novels', 'Read For School', 'Adventure', 'High School']",Green Integer,10/01/2003,10/28/99
The Battle of the Labyrinth,Rick Riordan (Goodreads Author),"['Fantasy', 'Young Adult', 'Mythology', 'Fiction', 'Middle Grade', 'Adventure', 'Childrens', 'Greek Mythology', 'Urban Fantasy', 'Magic']",Hyperion Books for Children,03/06/2008,
A Midsummer Night's Dream,"William Shakespeare, Paul Werstine (Editor), Barbara A. Mowat (Editor), Catherine Belsey (Contributor)","['Classics', 'Plays', 'Fiction', 'Drama', 'Fantasy', 'School', 'Romance', 'Literature', 'Theatre', 'Poetry']",Simon & Schuster Paperbacks,07/28/16,10/28/95
Clockwork Princess,Cassandra Clare (Goodreads Author),"['Fantasy', 'Young Adult', 'Romance', 'Paranormal', 'Steampunk', 'Historical Fiction', 'Urban Fantasy', 'Angels', 'Fiction', 'Historical']",Walker Books Ltd,09/05/2013,03/19/13
The Prophet,Kahlil Gibran,"['Poetry', 'Philosophy', 'Classics', 'Fiction', 'Spirituality', 'Religion', 'Literature', 'Inspirational', 'Self Help', 'Novels']",Rupa & Co,01/01/2010,10/28/23
The Mists of Avalon,Marion Zimmer Bradley,"['Fantasy', 'Fiction', 'Historical Fiction', 'Arthurian', 'Mythology', 'Science Fiction Fantasy', 'Historical', 'Classics', 'Romance', 'Magic']",Ballantine Books,07/15/01,12/28/82
The Titan's Curse,Rick Riordan (Goodreads Author),"['Fantasy', 'Young Adult', 'Mythology', 'Fiction', 'Middle Grade', 'Adventure', 'Childrens', 'Greek Mythology', 'Urban Fantasy', 'Magic']",Puffin Books,05/05/2007,01/01/2007
The Sea of Monsters,Rick Riordan (Goodreads Author),"['Fantasy', 'Young Adult', 'Mythology', 'Fiction', 'Middle Grade', 'Adventure', 'Childrens', 'Urban Fantasy', 'Greek Mythology', 'Magic']",Hyperion Books,04/01/2006,
The Joy Luck Club,Amy Tan (Goodreads Author),"['Fiction', 'Historical Fiction', 'Classics', 'China', 'Contemporary', 'Adult Fiction', 'Adult', 'Literature', 'Asia', 'Novels']",Penguin Group,09/21/06,10/28/89
Alice in Wonderland,"Jane Carruth (Adapted By), Lewis Carroll (Original Story By), Rene Cloke (Illustrator)","['Classics', 'Fantasy', 'Fiction', 'Childrens', 'Young Adult', 'Adventure', 'Literature', 'Novels', 'Classic Literature', 'Middle Grade']",Gramercy Books,09/07/2004,10/28/65
The Call of the Wild,"Jack London, Avi (Introduction)","['Classics', 'Fiction', 'Adventure', 'Young Adult', 'Animals', 'Historical Fiction', 'Literature', 'School', 'Childrens', 'Novels']",Scholastic,01/01/2001,10/28/03
Jonathan Livingston Seagull,"Richard Bach (Goodreads Author), Russell Munson (Photographer)","['Fiction', 'Classics', 'Philosophy', 'Fantasy', 'Spirituality', 'Inspirational', 'Self Help', 'Literature', 'Novels', 'Animals']",Scribner,02/07/2006,10/28/70
Madame Bovary,"Gustave Flaubert, Mark Overstall (Contributor), Paul De Man (Editor), Malcolm Bowie (Introduction), Margaret Mauldon (Translator)","['Classics', 'Fiction', 'France', 'Literature', 'French Literature', 'Romance', '19th Century', 'Novels', 'Historical Fiction', 'Classic Literature']",Oxford University Press,10/28/04,10/28/57
The Phantom Tollbooth,"Norton Juster, Jules Feiffer (Illustrator)","['Fantasy', 'Fiction', 'Childrens', 'Classics', 'Young Adult', 'Middle Grade', 'Adventure', 'Humor', 'Science Fiction Fantasy', 'Juvenile']",Random House Bullseye Books,10/28/96,10/28/61
Bridge to Terabithia,Katherine Paterson,"['Young Adult', 'Fiction', 'Classics', 'Childrens', 'Fantasy', 'Middle Grade', 'Realistic Fiction', 'School', 'Juvenile', 'Contemporary']",HarperCollins,10/06/2009,10/21/77
The Hunger Games Trilogy Boxset,"Suzanne Collins, Guillaume Fournier (Translator), Pilar Ramírez Tello (Goodreads Author) (Translator), Hanna Hörl (Illustrator), Sylke Hachmeister (Translator), Peter Klöss (Translator)","['Young Adult', 'Fiction', 'Fantasy', 'Dystopia', 'Science Fiction', 'Romance', 'Adventure', 'Teen', 'Action', 'Novels']",Scholastic Press,08/24/10,10/28/08
"Oh, the Places You'll Go!",Dr. Seuss,"['Childrens', 'Picture Books', 'Fiction', 'Classics', 'Poetry', 'Fantasy', 'Young Adult', 'Inspirational', 'Kids', 'Humor']",Random House Books for Young Readers,01/22/90,
The Girl Who Played with Fire,"Stieg Larsson, Reg Keeland (Translator)","['Fiction', 'Mystery', 'Thriller', 'Crime', 'Mystery Thriller', 'Suspense', 'Contemporary', 'Sweden', 'Adult', 'Audiobook']",Alfred A. Knopf,07/28/09,05/09/2006
The Maze Runner,James Dashner (Goodreads Author),"['Young Adult', 'Dystopia', 'Science Fiction', 'Fiction', 'Fantasy', 'Adventure', 'Post Apocalyptic', 'Mystery', 'Teen', 'Audiobook']",Delacorte Press,10/06/2009,
The Neverending Story,"Michael Ende, Ralph Manheim (Translator), Roswitha Quadflieg (Illustrator)","['Fantasy', 'Classics', 'Fiction', 'Young Adult', 'Childrens', 'Adventure', 'German Literature', 'Middle Grade', 'Science Fiction Fantasy', 'Books About Books']",Dutton Children's Books,10/28/97,10/28/79
Oliver Twist,"Charles Dickens, Philip Horne (Introduction), Gerald Dickens (Narrator), 查尔斯·狄更斯, 吴倩卓 (Translator)","['Classics', 'Fiction', 'Historical Fiction', 'Literature', 'Novels', '19th Century', 'Classic Literature', 'British Literature', 'Victorian', 'Historical']",Penguin Books,10/28/03,10/28/39
Ulysses,"James Joyce, Morris L. Ernst (Foreword), John M. Woolsey (Foreword)","['Classics', 'Fiction', 'Literature', 'Novels', 'Ireland', 'Irish Literature', 'Unfinished', '20th Century', 'Literary Fiction', 'Banned Books']",Vintage,10/28/90,02/02/2022
Treasure Island,"Robert Louis Stevenson, David W. Whitehead (Introduction), Richard S. Hartmetz (Goodreads Author) (Editor)","['Classics', 'Fiction', 'Adventure', 'Young Adult', 'Historical Fiction', 'Childrens', 'Literature', 'Pirates', 'Fantasy', 'Novels']",Kingfisher,09/15/01,10/28/79
Fifty Shades of Grey,E.L. James (Goodreads Author),"['Romance', 'Fiction', 'Erotica', 'Adult', 'BDSM', 'Contemporary', 'Chick Lit', 'Contemporary Romance', 'Erotic Romance', 'Adult Fiction']",Vintage,05/25/11,
The Clan of the Cave Bear,Jean M. Auel,"['Historical Fiction', 'Fiction', 'Fantasy', 'Historical', 'Classics', 'Romance', 'Adventure', 'Prehistoric', 'Adult', 'Novels']",Bantam,10/06/2016,05/04/1980
A Storm of Swords,George R.R. Martin,"['Fantasy', 'Fiction', 'Epic Fantasy', 'Science Fiction Fantasy', 'High Fantasy', 'Adult', 'Adventure', 'Dragons', 'Audiobook', 'Epic']",Bantam,03/04/2003,08/08/2000
The Canterbury Tales,"Geoffrey Chaucer, Nevill Coghill (Translator)","['Classics', 'Fiction', 'Poetry', 'Literature', 'School', 'Medieval', 'Short Stories', 'Historical Fiction', 'Classic Literature', 'Read For School']",Penguin Books/Penguin Classics,01/30/03,10/28/00
The World According to Garp,John Irving (Goodreads Author),"['Fiction', 'Classics', 'Contemporary', 'Literature', 'Novels', 'Literary Fiction', 'Humor', 'American', 'Adult Fiction', 'Drama']",Ballantine Books,04/01/1999,04/24/78
A Farewell to Arms,Ernest Hemingway,"['Classics', 'Fiction', 'Historical Fiction', 'War', 'Literature', 'Novels', 'American', 'Romance', 'Classic Literature', 'School']",Arrow Books,10/28/04,10/28/29
David Copperfield,"Charles Dickens, Jeremy Tambling (Introduction)","['Classics', 'Fiction', 'Literature', 'Historical Fiction', 'Novels', '19th Century', 'British Literature', 'Classic Literature', 'Victorian', 'Audiobook']",Penguin,10/28/04,10/28/50
Tote Mädchen lügen nicht,"Jay Asher (Goodreads Author), Knut Krüger (Übersetzer)","['Young Adult', 'Contemporary', 'Fiction', 'Realistic Fiction', 'Mystery', 'Mental Health', 'Teen', 'Audiobook', 'Romance', 'High School']",cbt,03/16/09,10/18/07
